year,gap_trn,gov_support_trn,loyo_pred,loyo_resid,operating_profit_trn
2015,8.227085999999986,56.552532,43.52043902979726,13.03209297020274,48.325446
2016,31.627846000000005,58.043265,74.3278465841949,-16.284581584194903,26.415419
2017,20.17885099999998,45.738215,61.90253079610859,-16.164315796108596,25.559364
2018,35.291147000000024,71.275218,77.20961301967415,-5.934395019674156,35.984071
2019,29.80034900000004,73.965291,69.87485685006635,4.0904341499336425,44.164942
2020,21.485150000000033,65.892622,60.16863568525358,5.723986314746426,44.407472
2021,29.336229000000003,74.391374,69.21454709632275,5.176826903677252,45.055145
2022,67.54363999999998,122.481781,111.90211387428737,10.579667125712632,54.938141
2023,95.42855400000002,142.628628,144.74250157956683,-2.1138735795668424,47.200074
2024,116.60837300000003,177.229379,165.03222486854253,12.197154131457467,60.621006
2025,150.96946800000006,200.195481,214.36109800985716,-14.165617009857158,49.226013
