target,model,actual,pred,abs_err_2025,mae_hist,error_ratio,surprise_flag
gov_support_trn,naive_last,200.195481,177.229379,22.966102000000006,20.349916499999996,1.1285600115361658,0
gov_support_trn,mean_last3,200.195481,147.446596,52.748885,32.00454583333333,1.6481685218935698,0
gov_support_trn,trend5,200.195481,203.79798720000002,3.602506200000022,18.96524257499999,0.1899530778872742,0
gov_support_share_rev_pct,naive_last,34.3576,32.496399999999994,1.8612000000000037,2.508816666666666,0.7418636940390241,0
gov_support_share_rev_pct,mean_last3,34.3576,29.84193333333333,4.515666666666668,3.9223388888888873,1.1512688716058028,0
gov_support_share_rev_pct,trend5,34.3576,36.53115999999999,2.173559999999995,2.3674349999999946,0.9181075721191921,0
govt_receivable_trn,naive_last,110.738399,43.290748,67.44765100000001,43.290748,1.5580153754793058,0
govt_receivable_trn,mean_last3,110.738399,15.292895333333334,95.44550366666667,36.343138333333336,2.6262317467263303,1
govt_receivable_trn,trend5,110.738399,26.414500900000014,84.32389809999998,47.854470750000004,1.7620902870396904,0
accrual_minus_cash_trn,naive_last,53.838153000000005,20.84375,32.994403000000005,23.351771333333335,1.4129293460878642,0
accrual_minus_cash_trn,mean_last3,53.838153000000005,5.57389666666666,48.26425633333334,16.43189388888889,2.9372302827472145,1
accrual_minus_cash_trn,trend5,53.838153000000005,26.607084,27.231069000000005,21.728941150000008,1.2532165655020882,0
