target,model,year,actual,pred,abs_err
gov_support_trn,naive_last,2019,73.965291,71.275218,2.690072999999998
gov_support_trn,mean_last3,2019,73.965291,58.35223266666666,15.613058333333335
gov_support_trn,trend5,2019,73.965291,65.8680595,8.097231499999992
gov_support_trn,naive_last,2020,65.892622,73.965291,8.07266899999999
gov_support_trn,mean_last3,2020,65.892622,63.659574666666664,2.2330473333333387
gov_support_trn,trend5,2020,65.892622,75.53214550000001,9.63952350000001
gov_support_trn,naive_last,2021,74.391374,65.892622,8.498751999999996
gov_support_trn,mean_last3,2021,74.391374,70.37771033333333,4.013663666666673
gov_support_trn,trend5,2021,74.391374,76.16065920000001,1.769285200000013
gov_support_trn,naive_last,2022,122.481781,74.391374,48.090407
gov_support_trn,mean_last3,2022,122.481781,71.416429,51.065352000000004
gov_support_trn,trend5,2022,122.481781,81.55466375,40.927117249999995
gov_support_trn,naive_last,2023,142.628628,122.481781,20.146846999999994
gov_support_trn,mean_last3,2023,142.628628,87.58859233333334,55.040035666666654
gov_support_trn,trend5,2023,142.628628,112.45301990000002,30.175608099999977
gov_support_trn,naive_last,2024,177.229379,142.628628,34.600751
gov_support_trn,mean_last3,2024,177.229379,113.167261,64.062118
gov_support_trn,trend5,2024,177.229379,154.04668910000004,23.182689899999957
gov_support_trn,naive_last,2025,200.195481,177.229379,22.966102000000006
gov_support_trn,mean_last3,2025,200.195481,147.446596,52.748885
gov_support_trn,trend5,2025,200.195481,203.79798720000002,3.602506200000022
gov_support_share_rev_pct,naive_last,2019,20.5684,20.7091,0.14069999999999894
gov_support_share_rev_pct,mean_last3,2019,20.5684,18.856233333333332,1.7121666666666684
gov_support_share_rev_pct,trend5,2019,20.5684,17.982350000000007,2.586049999999993
gov_support_share_rev_pct,naive_last,2020,19.0763,20.5684,1.4921000000000006
gov_support_share_rev_pct,mean_last3,2020,19.0763,18.823733333333333,0.2525666666666666
gov_support_share_rev_pct,trend5,2020,19.0763,19.522539999999996,0.446239999999996
gov_support_share_rev_pct,naive_last,2021,20.2055,19.0763,1.1292000000000009
gov_support_share_rev_pct,mean_last3,2021,20.2055,20.117933333333337,0.0875666666666639
gov_support_share_rev_pct,trend5,2021,20.2055,19.901329999999998,0.3041700000000027
gov_support_share_rev_pct,naive_last,2022,27.7653,20.2055,7.559799999999999
gov_support_share_rev_pct,mean_last3,2022,27.7653,19.950066666666668,7.815233333333332
gov_support_share_rev_pct,trend5,2022,27.7653,21.667840000000005,6.0974599999999946
gov_support_share_rev_pct,naive_last,2023,29.2641,27.7653,1.4987999999999992
gov_support_share_rev_pct,mean_last3,2023,29.2641,22.349033333333335,6.9150666666666645
gov_support_share_rev_pct,trend5,2023,29.2641,25.789770000000004,3.474329999999995
gov_support_share_rev_pct,naive_last,2024,32.496399999999994,29.2641,3.232299999999995
gov_support_share_rev_pct,mean_last3,2024,32.496399999999994,25.744966666666667,6.751433333333328
gov_support_share_rev_pct,trend5,2024,32.496399999999994,31.20004000000001,1.2963599999999857
gov_support_share_rev_pct,naive_last,2025,34.3576,32.496399999999994,1.8612000000000037
gov_support_share_rev_pct,mean_last3,2025,34.3576,29.84193333333333,4.515666666666668
gov_support_share_rev_pct,trend5,2025,34.3576,36.53115999999999,2.173559999999995
govt_receivable_trn,naive_last,2024,43.290748,0.0,43.290748
govt_receivable_trn,mean_last3,2024,43.290748,6.947609666666668,36.343138333333336
govt_receivable_trn,trend5,2024,43.290748,-4.56372275,47.854470750000004
govt_receivable_trn,naive_last,2025,110.738399,43.290748,67.44765100000001
govt_receivable_trn,mean_last3,2025,110.738399,15.292895333333334,95.44550366666667
govt_receivable_trn,trend5,2025,110.738399,26.414500900000014,84.32389809999998
accrual_minus_cash_trn,naive_last,2019,22.676436999999996,14.767629999999995,7.908807000000001
accrual_minus_cash_trn,mean_last3,2019,22.676436999999996,6.128505999999997,16.547931
accrual_minus_cash_trn,trend5,2019,22.676436999999996,11.728989499999994,10.947447500000003
accrual_minus_cash_trn,naive_last,2020,-28.234757,22.676436999999996,50.911193999999995
accrual_minus_cash_trn,mean_last3,2020,-28.234757,10.862311333333329,39.097068333333326
accrual_minus_cash_trn,trend5,2020,-28.234757,23.217976699999998,51.452733699999996
accrual_minus_cash_trn,naive_last,2021,10.331517000000003,-28.234757,38.566274
accrual_minus_cash_trn,mean_last3,2021,10.331517000000003,3.069769999999997,7.261747000000007
accrual_minus_cash_trn,trend5,2021,10.331517000000003,-11.200356200000002,21.531873200000007
accrual_minus_cash_trn,naive_last,2022,-5.774543000000008,10.331517000000003,16.106060000000014
accrual_minus_cash_trn,mean_last3,2022,-5.774543000000008,1.5910656666666672,7.365608666666676
accrual_minus_cash_trn,trend5,2022,-5.774543000000008,-0.8507872999999933,4.923755700000015
accrual_minus_cash_trn,naive_last,2023,1.6524829999999897,-5.774543000000008,7.427025999999998
accrual_minus_cash_trn,mean_last3,2023,1.6524829999999897,-7.892594333333335,9.545077333333325
accrual_minus_cash_trn,trend5,2023,1.6524829999999897,-13.275523000000002,14.928005999999991
accrual_minus_cash_trn,naive_last,2024,20.84375,1.6524829999999897,19.19126700000001
accrual_minus_cash_trn,mean_last3,2024,20.84375,2.069818999999995,18.773931000000005
accrual_minus_cash_trn,trend5,2024,20.84375,-5.746080800000019,26.58983080000002
accrual_minus_cash_trn,naive_last,2025,53.838153000000005,20.84375,32.994403000000005
accrual_minus_cash_trn,mean_last3,2025,53.838153000000005,5.57389666666666,48.26425633333334
accrual_minus_cash_trn,trend5,2025,53.838153000000005,26.607084,27.231069000000005
