target,year,actual,bsts,sd,lo90,hi90,naive,z,abs_err_bsts,abs_err_naive,in90
gov_support_trn,2021,74.391374,73.9130322453615,12.750352983054531,52.94056789627274,94.88549659445027,65.892622,0.03751596173644903,0.4783417546384925,8.498751999999996,1
gov_support_trn,2022,122.481781,77.6154304967427,10.930768875138462,59.63591566710294,95.59494532638246,74.391374,4.10459236818224,44.866350503257294,48.090407,0
gov_support_trn,2023,142.628628,124.91443717252095,22.458560242257594,87.97339290193541,161.8554814431065,122.481781,0.7887500639577226,17.714190827479044,20.146846999999994,1
gov_support_trn,2024,177.229379,161.64000780639728,21.570655570849382,126.1594367549647,197.12057885782986,142.628628,0.7227119798190194,15.589371193602716,34.600751,1
gov_support_trn,2025,200.195481,204.95043814384363,20.941504775084322,170.5047280607246,239.39614822696265,177.229379,-0.2270590005308957,4.754957143843626,22.966102000000006,1
govt_receivable_trn,2024,43.290748,-7.343463379421105,7.69433318521314,-19.99951522609201,5.312588467249802,0.0,6.5807146845069315,50.6342113794211,43.290748,0
govt_receivable_trn,2025,110.738399,86.58149597135554,29.171934964894792,38.59793293915587,134.5650590035552,43.290748,0.8280871000745968,24.156903028644464,67.44765100000001,1
accrual_minus_cash_trn,2021,10.331517000000003,-20.493021604573606,29.84595441395563,-69.58524797219683,28.599204763049613,-28.234757,1.0327878337226302,30.82453860457361,38.566274,1
accrual_minus_cash_trn,2022,-5.774543000000008,0.8329686247111716,23.686066592166686,-38.1271439176283,39.793081167050644,10.331517000000003,-0.27896196267962775,6.60751162471118,16.106060000000014,1
accrual_minus_cash_trn,2023,1.6524829999999897,-3.133135062113171,21.096807963202856,-37.83429615748609,31.56802603325975,-5.774543000000008,0.22684086002300707,4.78561806211316,7.427025999999998,1
accrual_minus_cash_trn,2024,20.84375,-2.2192860627321718,19.12467934752012,-33.67658425178456,29.238012126320214,1.6524829999999897,1.205930601169673,23.063036062732174,19.19126700000001,1
accrual_minus_cash_trn,2025,53.838153000000005,6.111777574989875,19.26392194774897,-25.574554310075083,37.79810946005483,20.84375,2.4775004567845573,47.72637542501013,32.994403000000005,0
