model,mae_2021_2025,mae_2023_2025,max_err,rank
ens_koheren+drift_log_5,10.95056779839675,5.1084857323771375,26.69061244780093,1
drift_log_all,15.009989404280907,7.994831877174259,44.61223048807703,2
drift_lin_5,15.77860128,9.147162400000004,44.8207852,3
drift_log_5,16.30719312233485,10.259184956676648,44.305189839839585,4
drift_log_3,18.621484295852078,15.352384504228544,47.021702017229515,5
drift_lin_all,19.17503719365079,14.709061767195768,45.117266666666666,6
koheren_komponen,20.196705176134724,7.439142979176751,59.83444579740659,7
holt_teredam,23.847713203646858,24.56634511921754,44.9755763981741,8
naif,26.860571800000002,25.904566666666668,48.090407,9
ets_level,28.53569121229193,25.904567177468568,52.48457159190319,10
rata3,45.386010866666666,57.28367955555555,64.062118,11
