year,item,value,unit,note,source,url,status
2024,apbn_electricity_subsidy_realized_prelim,75.8,Rp triliun,"realisasi per 24 Des 2024; 73,24 (tahun berjalan) + 2,58 (kurang bayar 2022)","Menkeu Sri Mulyani, 6 Jan 2025 (dikutip Warta Ekonomi)",https://wartaekonomi.co.id/read554249/realisasi-subsidi-listrik-2024-capai-rp758-triliun-ini-detailnya,preliminary
2024,apbn_electricity_subsidy_arrears_2022_paid,2.58,Rp triliun,pembayaran kurang bayar subsidi 2022,idem,idem,preliminary
2024,pln_lk_subsidy_revenue,77.045334,Rp triliun,"Statistik PLN 2024, ikhtisar laba rugi (Rp77.045.334 juta)","PLN, Statistik 2024",https://web.pln.co.id/statics/uploads/2025/09/Statistik-PLN-2024-Ind-Eng.pdf,PDF tidak dapat diunduh dari sandbox; angka dari ringkasan halaman ikhtisar
2024,pln_lk_compensation_revenue,100.184044,Rp triliun,Statistik PLN 2024 (Rp100.184.044 juta),"PLN, Statistik 2024",idem,idem
2024,pln_lk_electricity_sales_revenue,353.176019,Rp triliun,Statistik PLN 2024 (Rp353.176.019 juta),"PLN, Statistik 2024",idem,idem
2024,pln_avg_selling_price,1153.38,Rp/kWh,"harga jual rata-rata 2024 (2023: 1.155,47)","PLN, Statistik 2024",idem,idem
2023,pln_avg_selling_price,1155.47,Rp/kWh,dari Statistik PLN 2024,"PLN, Statistik 2024",idem,idem
2025,electricity_subsidy_and_compensation_total,210.0,Rp triliun,termasuk Rp12 T diskon tarif Mar-Mei 2025; rincian subsidi vs kompensasi tidak dipublikasikan di sumber,"Menteri ESDM Bahlil Lahadalia, 16 Des 2025",https://most1058fm.com/2025/12/realisasi-subsidi-dan-kompensasi-listrik-2025-capai-rp-210-triliun/,"pernyataan resmi, belum audit"
2025,electricity_tariff_stimulus_discount,12.0,Rp triliun,diskon tarif listrik Mar-Mei 2025,idem,idem,pernyataan resmi
2025,energy_subsidy_compensation_jan_aug,218.0,Rp triliun,"seluruh energi (BBM, LPG, listrik) Jan-Agu 2025","Kemenkeu, dikutip Jawa Pos 18 Sep 2026",https://www.jawapos.com/ekonomi/2609180254/realisasi-subsidi-energi-tembus-rp-331-triliun-naik-rp-113-triliun-dari-2025,berita
2026,energy_subsidy_compensation_jan_aug,331.4,Rp triliun,seluruh energi Jan-Agu 2026; rincian listrik tidak tersedia,"Kemenkeu, Jawa Pos 18 Sep 2026",idem,berita
2026,energy_subsidy_compensation_jan_aug_yoy_increase,113.0,Rp triliun,"+51,8% terhadap Jan-Agu 2025",idem,idem,berita
2025,pln_lk_operating_revenue_total,582.68,Rp triliun,"LK PLN 2025 (media); pembanding 2024 = 545,38",CNBC Indonesia 2 Jun 2026; Katadata,https://www.cnbcindonesia.com/news/20260602161044-4-739489/pln-cetak-laba-rp-726-triliun-di-2025,berita; PDF IDX 403
2025,pln_lk_subsidy_revenue,87.46,Rp triliun,"+13,52% YoY",Katadata (LK PLN 2025),https://katadata.co.id/amp/finansial/korporasi/6a39457acf3c0/utang-pemerintah-ke-pln-membengkak-ke-rp-110-triliun-laba-susut-67-di-2025,berita
2025,pln_lk_compensation_revenue,112.73,Rp triliun,"+12,53% YoY; CNBC sama (112,73)",Katadata; CNBC,idem,berita
2025,pln_lk_govt_receivable,110.73,Rp triliun,"piutang pemerintah, +155,8% dari 43,29 (2024) = sama dengan panel E",Katadata,idem,berita
2025,pln_lk_net_profit,7.260708,Rp triliun,"LK Audited 2025 (Rp7.260.708 juta). Pembanding 2024 disajikan kembali dari 17,763 menjadi 21,231 T: koreksi lebih catat beban pajak tangguhan Rp3,468 T (pajak tangguhan atas biaya pemeliharaan yang dikapitalisasi secara fiskal sejak 2020; Catatan 58 LK 2025). Laba sebelum pajak 2024 tidak berubah (28,270 T)","PLN, LK Audited 2025 (disetujui 19 Mei 2026), Catatan 58",LK-PLN 2025 Audited.pdf (folder Data),audited
2025,pln_lk_fx_loss,12.46,Rp triliun,"rugi kurs 2025 (2024 pembanding 6,78 = panel E)",CNBC,https://www.cnbcindonesia.com/news/20260602161044-4-739489/pln-cetak-laba-rp-726-triliun-di-2025,berita
2025,pln_lk_gov_support_total,200.19,Rp triliun,"subsidi 87,46 + kompensasi 112,73 (dihitung); 2024: 177,23",dihitung,idem,turunan
2026,apbn_electricity_subsidy_budget,104.6,Rp triliun,"APBN 2026, +17,5% dari outlook 2025 Rp89 T; penyebab: kurs, biomass cofiring, bauran BBM 3T",Investortrust (dokumen anggaran),https://investortrust.id/business/76355/subsidi-listrik-2026-naik-17-5-tembus-rp-104-6-triliun-ternyata-karena-faktor-ini,berita
2025,apbn_electricity_subsidy_outlook,89.0,Rp triliun,outlook 2025 (bukan realisasi audit),idem,idem,berita
2025,bpp_ruptl2025_pso7_scenario,1829.0,Rp/kWh,"BPP rata-rata 2025 skenario PSO7 RUPTL 2025-2034 (Plan-Financing-Gap-Dataset/ruptl2025_bpp_subsidy_scenarios.csv); proyeksi, bukan realisasi",RUPTL PLN 2025-2034,Plan-Financing-Gap-Dataset,proyeksi resmi
2025,bpp_ceo_statement_approx,1650.0,Rp/kWh,"""BPP saat ini sekitar Rp1.600-1.700/kWh"" (Dirut PLN, saat tarif tak naik akhir 2024); nilai tengah; tanggal pasti belum diverifikasi",Bloomberg Technoz,https://www.bloombergtechnoz.com/detail-news/57176/bos-pln-beber-nasib-tarif-listrik-2025-usai-tak-naik-akhir-2024/2,pernyataan lisan dari hasil pencarian
2025,pln_customers,96.2,juta pelanggan,"LK/rilis PLN 2025 (2024: 92,88 juta dari Statistik 2024)",Infobanknews (rilis PLN),https://infobanknews.com/pln-bukukan-laba-bersih-rp726-triliun-sepanjang-2025,berita
2025,pln_electricity_sold,317.69,TWh,"+3,75% dari 306,21 TWh (2024; Statistik 2024: 306.219 GWh)",Infobanknews (rilis PLN),idem,berita
2025,pln_connected_capacity,192621.0,MVA,"+5,82% dari 182.026 MVA (2024)",Infobanknews (rilis PLN),idem,berita
2025,pln_lk_2024_net_profit_as_comparative_in_media,21.23,Rp triliun,"angka pembanding 2024 di berita LK 2025 (Bloomberg Technoz; -65,8% ke 7,26). Komponen biaya pembanding 2024 (BBM 179,29; IPP 178,63; pemeliharaan 31,55) SAMA dengan panel E, jadi selisih laba 17,76 vs 21,23 (= 3,47 T) terjadi di bawah biaya operasi; kemungkinan penyajian kembali, belum terkonfirmasi",Bloomberg Technoz,https://www.bloombergtechnoz.com/detail-news/110581/laba-bersih-anjlok-65-8-sepanjang-2025-pln-kantongi-rp7-26-t,berita; perlu LK 2025 asli
2025,apbn_electricity_subsidy_realized_jan_aug,48.1,Rp triliun,"55,9% dari pagu subsidi; termasuk kurang bayar 2023",Menkeu Purbaya via Bloomberg Technoz,https://www.bloombergtechnoz.com/detail-news/85564/subsidi-kompensasi-listrik-tembus-rp87-triliun-per-agustus-2025,berita
2025,apbn_electricity_compensation_realized_jan_aug,37.5,Rp triliun,100% dari target kompensasi periode berjalan,idem,idem,berita
2025,apbn_electricity_subsidy_compensation_budget,127.2,Rp triliun,total pagu subsidi + kompensasi listrik 2025 (dasar penghitungan),idem,idem,berita
2025,apbn_electricity_arrears_component_jan_aug,2.0,Rp triliun,"kurang bayar tahun sebelumnya dalam total 87,6",idem,idem,berita
2025,apbn_subsidy_total_all_types,281.6,Rp triliun,"realisasi subsidi pemerintah total 2025 (BBM, LPG, listrik, pupuk, dll.), tanpa kompensasi",Tempo/Kompas 8 Jan 2026 (judul),https://www.tempo.co/ekonomi/realisasi-subsidi-pemerintah-pada-2025-naik-jadi-rp-281-6-t-2105784,berita; isi tidak dapat diambil (robots)
2026,apbn_energy_subsidy_outlook_all,227.26,Rp triliun,"proyeksi subsidi energi (BBM, LPG, listrik) akhir 2026; rata-rata 2022-2025 Rp174,73 T",CNBC Indonesia 18 Agu 2026,https://www.cnbcindonesia.com/news/20260818142222-4-760308/subsidi-bbm-lpg-listrik-di-2026-diperkirakan-naik-jadi-rp-227-triliun/amp,berita (dokumen pemerintah)
2025,bpp_proxy_900va_price_should_be,1800.0,Rp/kWh,"""harga seharusnya"" listrik RT 900VA bersubsidi (proksi biaya penyediaan pemerintah): 1.800; harga masyarakat 600; ditanggung APBN 1.200 (67%); 41,5 juta pelanggan","Kemenkeu, Konferensi Pers APBN Kita 13 Mar 2025, hlm. 21",https://media.kemenkeu.go.id/getmedia/b6026682-cd60-48f9-9183-f03d51df9479/Publikasi-Web-Konpers-APBN-Kita-(Maret-2025).pdf,dokumen resmi (bukan BPP realisasi)
2025,bpp_proxy_900va_price_paid_by_public,600.0,Rp/kWh,harga jual ke masyarakat 900VA RT bersubsidi,idem,idem,dokumen resmi
2025,bpp_proxy_900va_borne_by_apbn,1200.0,Rp/kWh,selisih yang ditanggung APBN (67% dari 1.800),idem,idem,dokumen resmi
2024,apbn_electricity_subsidy_realized_kemenkeu,75.8,Rp triliun,subsidi listrik realisasi 2024 (sama dengan Menkeu 6 Jan 2025),"Kemenkeu, Konpers 13 Mar 2025",idem,dokumen resmi
2025,apbn_electricity_subsidy_apbn_allocation,89.7,Rp triliun,"subsidi listrik APBN 2025 (kolom 2025, bukan realisasi); outlook Investortrust 89,0","Kemenkeu, Konpers 13 Mar 2025",idem,dokumen resmi
2024,apbn_energy_subsidy_total,177.6,Rp triliun,"BBM 21,6 + LPG 80,2 + listrik 75,8",idem,idem,dokumen resmi
2024,apbn_energy_compensation_total,209.3,Rp triliun,kompensasi energi (BBM+listrik) 2024,idem,idem,dokumen resmi
2025,apbn_energy_subsidy_total_allocation,203.4,Rp triliun,"BBM 26,7 + LPG 87,0 + listrik 89,7 (alokasi APBN 2025)",idem,idem,dokumen resmi
2025,apbn_energy_compensation_total_allocation,190.9,Rp triliun,kompensasi energi 2025 (alokasi),idem,idem,dokumen resmi
2025,apbn_subsidy_all_types_realized,281.6,Rp triliun,"realisasi subsidi semua jenis s.d. 31 Des 2025 (BBM, LPG, listrik, pupuk, perumahan)","Kemenkeu, Konpers realisasi sementara APBN 2025, 8 Jan 2026, hlm. 28",https://media.kemenkeu.go.id/getmedia/b7f00cc5-15ad-4d8d-9bb5-42e18e8494a8/Publikasi-Web-Konpers-APBN-Kita-(Januari-2026).pdf,dokumen resmi (sementara)
2025,apbn_subsidy_and_compensation_realized,401.6,Rp triliun,subsidi + kompensasi semua jenis s.d. 31 Des 2025,idem,idem,dokumen resmi (sementara)
2025,subsidized_electricity_customers,42.8,juta pelanggan,"pelanggan listrik bersubsidi 2025 (2024: 41,7; +2,6%)",idem,idem,dokumen resmi (sementara)
2024,subsidized_electricity_customers,41.7,juta pelanggan,pelanggan listrik bersubsidi 2024,idem,idem,dokumen resmi (sementara)
2024,pln_lk_net_profit_restated,21.231284,Rp triliun,"laba tahun berjalan 2024 disajikan kembali (semula 17,763024); penyesuaian +3,468260 = beban pajak lebih catat","PLN, LK Audited 2025, Catatan 58",LK-PLN 2025 Audited.pdf (folder Data),audited
2024,pln_lk_deferred_tax_overstatement_dec2024,7.905235,Rp triliun,"lebih catat liabilitas pajak tangguhan 31 Des 2024 (1 Jan 2024: 4,436975); ekuitas induk naik 7,905 T menjadi 1.067.870 juta","PLN, LK Audited 2025, Catatan 58",LK-PLN 2025 Audited.pdf (folder Data),audited
2025,pln_lk_total_assets,1837.409908,Rp triliun,"JUMLAH ASET 31 Des 2025 (2024: 1.772,375266)","PLN, LK Audited 2025",LK-PLN 2025 Audited.pdf (folder Data),audited
2025,pln_lk_operating_profit,49.226013,Rp triliun,"laba usaha 2025 (2024: 60,621006)","PLN, LK Audited 2025",LK-PLN 2025 Audited.pdf (folder Data),audited
2025,pln_govt_receivable_compensation,84.864811,Rp triliun,"piutang kompensasi 31 Des 2025 (2024: 37,450898); saldo awal + pendapatan 112,734817 - kas 65,320904","PLN, LK Audited 2025, Note 16",LK-PLN 2025 Audited.pdf (folder Data),audited
2025,pln_govt_receivable_subsidy,12.26409,Rp triliun,"piutang subsidi listrik 31 Des 2025 (2024: 5,839850); akrual 87,460664 - kas 81,036424","PLN, LK Audited 2025, Notes 16/37",LK-PLN 2025 Audited.pdf (folder Data),audited
2025,pln_govt_receivable_discount_jan_feb,13.609498,Rp triliun,"piutang diskon tarif Jan-Feb 2025, diakui terpisah di luar G_t; menjelaskan selisih rekonsiliasi 67,447651-53,838153","PLN, LK Audited 2025, Note 16; BPKP Review + Kemenko letter 31-Dec-2025",LK-PLN 2025 Audited.pdf (folder Data),audited
2025,apbn_electricity_subsidy_realized_lkpp_cash,81.036424,Rp triliun,"Belanja Subsidi Listrik (LRA, kas) TA 2025 Audited: Rp81.036.424.051.631; pagu 89,747 T (90,29%); 2024 Audited 75,817285","LKPP 2025 (Audited), DJPb Kemenkeu",https://djpb.kemenkeu.go.id/portal/images/lkpp/LKPP-2025.pdf,audited
2024,apbn_electricity_subsidy_realized_lkpp_cash,75.817285,Rp triliun,"Belanja Subsidi Listrik TA 2024 Audited (Rp75.817.285.111.936) = 73,24 + 2,58 kurang bayar 2022 (Menkeu 6 Jan 2025)","LKPP 2025 (Audited), DJPb Kemenkeu",https://djpb.kemenkeu.go.id/portal/images/lkpp/LKPP-2025.pdf,audited
2025,apbn_electricity_subsidy_budget_ceiling,89.74651,Rp triliun,"pagu Belanja Subsidi Listrik 2025 (Tabel kinerja LKPP, hlm. 142)","LKPP 2025 (Audited), DJPb Kemenkeu",https://djpb.kemenkeu.go.id/portal/images/lkpp/LKPP-2025.pdf,audited
2025,apbn_electricity_subsidy_expense_accrual,87.460664,Rp triliun,"Beban Subsidi Listrik (LO, akrual) 2025: Rp87.460.663.602.008; 2024 = 77,045335; sama dengan pendapatan subsidi di LK PLN","LKPP 2025 (Audited), DJPb Kemenkeu",https://djpb.kemenkeu.go.id/portal/images/lkpp/LKPP-2025.pdf,audited
2024,apbn_electricity_subsidy_expense_accrual,77.045335,Rp triliun,Beban Subsidi Listrik (LO) 2024 (Rp77.045.334.864.270),"LKPP 2025 (Audited), DJPb Kemenkeu",https://djpb.kemenkeu.go.id/portal/images/lkpp/LKPP-2025.pdf,audited
2025,macro_realized_gdp_growth_pct,5.11,%,"realisasi pertumbuhan ekonomi 2025 (2024: 5,03); asumsi APBN 5,2","BPK, LHR atas Pelaksanaan Transparansi Fiskal TA 2025 (LKPP 2025)",https://www.bpk.go.id/assets/files/lkpp/2025/lkpp_2025_1784027527.pdf,audited
2025,macro_realized_inflation_yoy_pct,2.92,%,"inflasi 2025 y/y (2024: 1,57); asumsi APBN 2,5","BPK, LHR atas Pelaksanaan Transparansi Fiskal TA 2025 (LKPP 2025)",https://www.bpk.go.id/assets/files/lkpp/2025/lkpp_2025_1784027527.pdf,audited
2025,macro_realized_usdidr_avg,16475.0,Rp/USD,rata-rata kurs 2025; asumsi APBN 16.000,"BPK, LHR atas Pelaksanaan Transparansi Fiskal TA 2025 (LKPP 2025)",https://www.bpk.go.id/assets/files/lkpp/2025/lkpp_2025_1784027527.pdf,audited
2025,macro_realized_sbn10y_pct,6.71,%,"yield SBN 10 tahun 2025 (ytd); asumsi 7,0; 2024: 6,78","BPK, LHR atas Pelaksanaan Transparansi Fiskal TA 2025 (LKPP 2025)",https://www.bpk.go.id/assets/files/lkpp/2025/lkpp_2025_1784027527.pdf,audited
2025,macro_realized_icp_usd_bbl,67.38,USD/barel,"realisasi ICP rata-rata 2025 (2024: 78,14); asumsi APBN 82","BPK, LHR atas Pelaksanaan Transparansi Fiskal TA 2025 (LKPP 2025)",https://www.bpk.go.id/assets/files/lkpp/2025/lkpp_2025_1784027527.pdf,audited
2024,macro_realized_icp_usd_bbl,78.14,USD/barel,realisasi ICP rata-rata 2024,"BPK, LHR atas Pelaksanaan Transparansi Fiskal TA 2025 (LKPP 2025)",https://www.bpk.go.id/assets/files/lkpp/2025/lkpp_2025_1784027527.pdf,audited
2025,macro_realized_oil_lifting_kbpd,605.86,ribu bph,lifting minyak 2025; target APBN 605,"BPK, LHR atas Pelaksanaan Transparansi Fiskal TA 2025 (LKPP 2025)",https://www.bpk.go.id/assets/files/lkpp/2025/lkpp_2025_1784027527.pdf,audited
2025,ebt_capacity_total_mw_esdm,15630.0,MW,"kapasitas pembangkit EBT Des 2025 (definisi Ditjen EBTKE/ESDM: total, bukan seri on-grid Handbook)","Ditjen Gatrik ESDM, berita 22 Jan 2026 (Rapat Kerja Komisi XII DPR)",https://gatrik.esdm.go.id/berita/di-depan-dpr-menteri-esdm-paparkan-capaian-positif-subsektor-ketenagalistrikan,pernyataan resmi
2025,ebt_capacity_added_plta_mw,531.2,MW,tambahan 2025,idem,idem,pernyataan resmi
2025,ebt_capacity_added_plts_mw,584.7,MW,tambahan 2025,idem,idem,pernyataan resmi
2025,ebt_capacity_added_pltp_mw,105.2,MW,tambahan 2025,idem,idem,pernyataan resmi
2025,ebt_capacity_added_pltbio_mw,84.5,MW,tambahan 2025,idem,idem,pernyataan resmi
2025,ebt_capacity_added_total_mw,1305.6,MW,"jumlah keempat jenis = 1,3 GW yang disebut Menteri; terbesar 5 tahun terakhir",idem,idem,pernyataan resmi
2025,national_installed_capacity_gw,107.51,GW,"kapasitas terpasang nasional 2025, +sekitar 7 GW (mayoritas fosil/batu bara)",idem,idem,pernyataan resmi
2025,electricity_consumption_per_capita_kwh,1584.0,kWh/kapita,konsumsi listrik per kapita 2025 (2024: 1.411),idem,idem,pernyataan resmi
2025,apbn_electricity_compensation_realized_lkpp_cash,65.3209,Rp triliun,"Kompensasi Tarif Tenaga Listrik 2025 (realisasi kas), pagu 92,411 T (70,69%); pembayaran kompensasi ditunda -> utang kompensasi","LKPP 2025 (Audited), DJPb Kemenkeu",https://djpb.kemenkeu.go.id/portal/images/lkpp/LKPP-2025.pdf,audited
2025,apbn_electricity_compensation_budget_ceiling,92.41119,Rp triliun,pagu Kompensasi Tarif Tenaga Listrik 2025,"LKPP 2025 (Audited), DJPb Kemenkeu",https://djpb.kemenkeu.go.id/portal/images/lkpp/LKPP-2025.pdf,audited
2025,apbn_electricity_subsidy_volume_twh_realized,69.66,TWh,"volume keluaran Subsidi Listrik 2025 (teks PDF terbaca ""75,55 | 69,66"": target 75,55; realisasi 69,66; urutan kolom dari ekstraksi, bukan tabel bersih)","LKPP 2025 (Audited), DJPb Kemenkeu",https://djpb.kemenkeu.go.id/portal/images/lkpp/LKPP-2025.pdf,audited; ekstraksi teks
2025,apbn_electricity_compensation_volume_twh_realized,222.16,TWh,volume keluaran Kompensasi Tarif Listrik 2025 (target 195),"LKPP 2025 (Audited), DJPb Kemenkeu",https://djpb.kemenkeu.go.id/portal/images/lkpp/LKPP-2025.pdf,audited
2020,subsidized_electricity_gwh_realized,59002.0,GWh,"realisasi energi listrik bersubsidi (Renstra ESDM 2025-2029), target 60.080","Laporan Kinerja Ditjen Ketenagalistrikan 2025, Tabel 7",https://gatrik.artristik.co.id/gatrik-api//storage/migrasi/download_index/files/d35ab-laporan-kinerja-direktorat-jenderal-ketenagalistrikan-tahun-2025-published-tte-_compressed-1-.pdf,resmi
2021,subsidized_electricity_gwh_realized,61916.0,GWh,target 64.258,idem,idem,resmi
2022,subsidized_electricity_gwh_realized,62248.0,GWh,target 68.894,idem,idem,resmi
2023,subsidized_electricity_gwh_realized,66034.0,GWh,target 73.609,idem,idem,resmi
2024,subsidized_electricity_gwh_realized,70807.0,GWh,target 78.191,idem,idem,resmi
2025,subsidized_household_allocation_gwh_q1,19349.53,GWh,"alokasi listrik RT miskin/rentan yang disubsidi, capaian Triwulan I 2025 (target 17.057,75) -- bukan setahun penuh",idem,idem,resmi; parsial
2026,subsidized_customers_million_jan_aug,43.3,juta pelanggan,"pelanggan listrik bersubsidi s.d. Agu 2026 (+2,1% dari 42,4 juta)","Kemenkeu, Konferensi Pers APBN KiTa Sep 2026",http://media.kemenkeu.go.id/getmedia/04ced8b6-ddc6-4127-8cda-73e39ef5cbee/Publikasi-Web-Konpers-APBN-KiTa-(Sept-2026).pdf,resmi
2021,derived_bpp_proxy_opex_per_kwh_sold,1254.2,Rp/kWh,"TURUNAN: Jumlah Beban Usaha 323,119,125 juta Rp / energi terjual 257,634.25 GWh; mencakup biaya usaha saja (tanpa beban keuangan); pembagi = energi terjual -> bukan BPP resmi",dihitung dari Statistik PLN 2025 T63 & T46,pln_stat2025_financial_timeseries_long.csv,turunan
2021,derived_bpp_proxy_opex_plus_finance_per_kwh_sold,1333.3,Rp/kWh,"TURUNAN: (Beban Usaha + Beban Keuangan 20,375,755) / energi terjual; bukan BPP resmi (BPP resmi dihitung PLN/ESDM per Kepmen dan tidak dipublikasikan untuk realisasi 2025 di sumber yang dapat dibaca)",idem,idem,turunan
2022,derived_bpp_proxy_opex_per_kwh_sold,1410.7,Rp/kWh,"TURUNAN: Jumlah Beban Usaha 386,193,802 juta Rp / energi terjual 273,761.48 GWh; mencakup biaya usaha saja (tanpa beban keuangan); pembagi = energi terjual -> bukan BPP resmi",dihitung dari Statistik PLN 2025 T63 & T46,pln_stat2025_financial_timeseries_long.csv,turunan
2022,derived_bpp_proxy_opex_plus_finance_per_kwh_sold,1473.3,Rp/kWh,"TURUNAN: (Beban Usaha + Beban Keuangan 17,135,165) / energi terjual; bukan BPP resmi (BPP resmi dihitung PLN/ESDM per Kepmen dan tidak dipublikasikan untuk realisasi 2025 di sumber yang dapat dibaca)",idem,idem,turunan
2023,derived_bpp_proxy_opex_per_kwh_sold,1526.1,Rp/kWh,"TURUNAN: Jumlah Beban Usaha 440,183,990 juta Rp / energi terjual 288,435.78 GWh; mencakup biaya usaha saja (tanpa beban keuangan); pembagi = energi terjual -> bukan BPP resmi",dihitung dari Statistik PLN 2025 T63 & T46,pln_stat2025_financial_timeseries_long.csv,turunan
2023,derived_bpp_proxy_opex_plus_finance_per_kwh_sold,1598.9,Rp/kWh,"TURUNAN: (Beban Usaha + Beban Keuangan 21,010,355) / energi terjual; bukan BPP resmi (BPP resmi dihitung PLN/ESDM per Kepmen dan tidak dipublikasikan untuk realisasi 2025 di sumber yang dapat dibaca)",idem,idem,turunan
2024,derived_bpp_proxy_opex_per_kwh_sold,1583.0,Rp/kWh,"TURUNAN: Jumlah Beban Usaha 484,759,987 juta Rp / energi terjual 306,219.42 GWh; mencakup biaya usaha saja (tanpa beban keuangan); pembagi = energi terjual -> bukan BPP resmi",dihitung dari Statistik PLN 2025 T63 & T46,pln_stat2025_financial_timeseries_long.csv,turunan
2024,derived_bpp_proxy_opex_plus_finance_per_kwh_sold,1662.8,Rp/kWh,"TURUNAN: (Beban Usaha + Beban Keuangan 24,417,860) / energi terjual; bukan BPP resmi (BPP resmi dihitung PLN/ESDM per Kepmen dan tidak dipublikasikan untuk realisasi 2025 di sumber yang dapat dibaca)",idem,idem,turunan
2025,derived_bpp_proxy_opex_per_kwh_sold,1679.2,Rp/kWh,"TURUNAN: Jumlah Beban Usaha 533,455,857 juta Rp / energi terjual 317,691.86 GWh; mencakup biaya usaha saja (tanpa beban keuangan); pembagi = energi terjual -> bukan BPP resmi",dihitung dari Statistik PLN 2025 T63 & T46,pln_stat2025_financial_timeseries_long.csv,turunan
2025,derived_bpp_proxy_opex_plus_finance_per_kwh_sold,1757.4,Rp/kWh,"TURUNAN: (Beban Usaha + Beban Keuangan 24,869,532) / energi terjual; bukan BPP resmi (BPP resmi dihitung PLN/ESDM per Kepmen dan tidak dipublikasikan untuk realisasi 2025 di sumber yang dapat dibaca)",idem,idem,turunan
