year,rev_total_std_trn,rev_ex_gov_support_trn,opex_total_trn,opex_fuel_trn,opex_purchased_power_trn,operating_profit_trn,subsidy_trn,compensation_trn,gov_support_trn,cf_receipt_subsidy_trn,cf_receipt_compensation_trn,govt_receivable_trn,cf_govt_equity_trn,cfo_trn,cf_capex_trn,ebitda_trn,gov_support_share_rev_pct,op_profit_ex_gov_support_trn,cash_received_support_trn,support_accrued_trn,accrual_minus_cash_trn,apbn_subsidy_electricity_trn,apbn_subsidy_energy_trn,apbn_central_spending_trn,pln_subsidy_over_apbn_elec_subsidy,pln_gov_support_pct_central_spending,pln_compensation_pct_central_spending_other
2015,273.899522,217.34699,225.574076,138.408315,4.420859,48.325446,56.552532,,56.552532,55.332384,,,5.0,37.289083,-36.365403,73.732302,20.647199999999998,-8.227086,55.332384,56.552532,1.2201480000000018,,,,,,
2016,280.865221,222.821956,254.449802,109.492383,59.72939,26.415419,58.043265,,58.043265,49.568244,,,23.56,29.58806,-55.800543,53.927569,20.6659,-31.627846,49.568244,58.043265,8.475020999999998,,,,,,
2017,301.033458,255.295243,275.474094,116.947824,72.426641,25.559364,45.738215,,45.738215,50.595348,,,0.0,56.843655,-85.210519,54.719961,15.1937,-20.178851,50.595348,45.738215,-4.857133000000005,,,,,,
2018,344.17296,272.897742,308.188889,137.266678,84.267611,35.984071,48.101754,23.173464,71.275218,56.507588,,,,35.042025,-100.27365,66.728783,20.7091,-35.291147,56.507588,71.275218,14.767629999999997,,,,,,
2019,359.60588,285.640589,315.440938,136.084482,83.563991,44.164942,51.711774,22.253517,73.965291,51.288854,,,6.5,39.682505,-100.431833,79.483013,20.5684,-29.800349,51.288854,73.965291,22.676436999999993,,,,,,
2020,345.415637,279.523015,301.008165,106.014285,98.651604,44.407472,47.988114,17.904508,65.892622,48.700398,45.426981,17.27549,0.0,95.196334,-69.946508,81.070389,19.0763,-21.48515,94.127379,65.892622,-28.234757000000002,61.1035,108.8405,1832.9508999999998,0.7853578600243849,3.594892912843438,14.916047959265283
2021,368.17427,293.782896,323.119125,118.41949,103.553472,45.055145,49.796949,24.594425,74.391374,46.155349,17.904508,18.254891,5.0,68.621074,-59.633724,86.496416,20.2055,-29.336229,64.059857,74.391374,10.331517000000005,47.948717948717956,140.39520000000002,2000.7038,1.0385459951871656,3.718260244220059,30.857048042517103
2022,441.131943,318.650162,386.193802,151.376726,130.230383,54.938141,58.83196,63.649821,122.481781,56.129265,72.127059,2.587938,5.0,97.710224,-54.653968,98.994776,27.7653,-67.54364,128.256324,122.481781,-5.774543000000008,56.1,171.8588,2280.0279,1.0486980392156864,5.371942202987954,15.739875386326624
2023,487.384064,344.755436,440.18399,164.731578,154.831184,47.200074,68.636731,73.991897,142.628628,68.702258,72.273887,0.0,0.0,87.389971,-63.922131,94.514321,29.2641,-95.428554,140.976145,142.628628,1.6524829999999895,68.70230000000001,164.29229999999998,2239.7867,0.9990456069156344,6.367955841509372,32.88182400342719
2024,545.380993,368.151614,484.759987,179.290971,178.626777,60.621006,77.045335,100.184044,177.229379,75.817286,80.568343,43.290748,,75.359028,-63.454161,111.116019,32.496399999999994,-116.608373,156.385629,177.229379,20.84375,80.7243,192.7514,2558.2187999999996,0.9544255571122945,6.9278428803666054,28.18836541091227
2025,582.68187,382.486389,533.455857,198.611362,195.214313,49.226013,87.460664,112.734817,200.195481,81.036424,65.320904,110.738399,,9.915032,-63.729249,102.594643,34.3576,-150.969468,146.357328,200.195481,53.838153000000005,89.7465,203.4122,2701.4416,0.9745300819530567,7.41069068455894,24.61564228512836
