bpp_shock_pct,govt_absorbs_share,base_bpp_rp_kwh,volume_twh_2024_est,extra_govt_burden_trn,pct_of_apbn2025_energy_subsidy,pct_of_apbn2025_deficit,extra_deficit_pct_gdp
0.0,1.0,1599,305.78010389610387,0.0,0.0,0.0,0.0
0.0,0.5,1599,305.78010389610387,0.0,0.0,0.0,0.0
2.5,1.0,1599,305.78010389610387,12.22355965324675,6.009255911516983,1.9837447896417577,0.05018874317793648
2.5,0.5,1599,305.78010389610387,6.111779826623375,3.0046279557584916,0.9918723948208789,0.02509437158896824
5.0,1.0,1599,305.78010389610387,24.4471193064935,12.018511823033966,3.9674895792835154,0.10037748635587296
5.0,0.5,1599,305.78010389610387,12.22355965324675,6.009255911516983,1.9837447896417577,0.05018874317793648
10.0,1.0,1599,305.78010389610387,48.894238612987,24.037023646067933,7.934979158567031,0.20075497271174592
10.0,0.5,1599,305.78010389610387,24.4471193064935,12.018511823033966,3.9674895792835154,0.10037748635587296
15.0,1.0,1599,305.78010389610387,73.3413579194805,36.055535469101905,11.902468737850546,0.3011324590676188
15.0,0.5,1599,305.78010389610387,36.67067895974025,18.027767734550952,5.951234368925273,0.1505662295338094
20.0,1.0,1599,305.78010389610387,97.788477225974,48.074047292135866,15.869958317134062,0.40150994542349183
20.0,0.5,1599,305.78010389610387,48.894238612987,24.037023646067933,7.934979158567031,0.20075497271174592
