icp,usdidr,d_revenue_trn,d_spending_trn,d_deficit_trn,deficit_trn,deficit_pct_gdp
60,15500,-93.9,-262.2,-168.29999999999998,447.88610000000006,1.8389766224846684
60,16000,-70.4,-222.2,-151.79999999999998,464.38610000000006,1.9067240124371518
60,16500,-46.900000000000006,-182.2,-135.29999999999998,480.88610000000006,1.9744714023896357
60,17000,-23.400000000000006,-142.2,-118.79999999999998,497.38610000000006,2.042218792342119
60,17500,0.09999999999999432,-102.19999999999999,-102.29999999999998,513.8861,2.1099661822946025
70,15500,-61.900000000000006,-161.2,-99.29999999999998,516.8861,2.12228388955869
70,16000,-38.400000000000006,-121.19999999999999,-82.79999999999998,533.3861,2.190031279511174
70,16500,-14.900000000000006,-81.19999999999999,-66.29999999999998,549.8861,2.2577786694636575
70,17000,8.599999999999994,-41.19999999999999,-49.79999999999998,566.3861,2.325526059416141
70,17500,32.099999999999994,-1.1999999999999886,-33.29999999999998,582.8861,2.3932734493686247
82,15500,-23.5,-40.0,-16.5,599.6861,2.462252610047517
82,16000,0.0,0.0,0.0,616.1861,2.5300000000000002
82,16500,23.5,40.0,16.5,632.6861,2.5977473899524837
82,17000,47.0,80.0,33.0,649.1861,2.665494779904967
82,17500,70.5,120.0,49.5,665.6861,2.7332421698574505
90,15500,2.1000000000000014,40.8,38.699999999999996,654.8861,2.6888984237067346
90,16000,25.6,80.8,55.199999999999996,671.3861,2.756645813659218
90,16500,49.1,120.8,71.69999999999999,687.8860999999999,2.824393203611701
90,17000,72.6,160.8,88.20000000000002,704.3861,2.892140593564185
90,17500,96.1,200.8,104.70000000000002,720.8861,2.9598879835166687
100,15500,34.1,141.79999999999998,107.69999999999999,723.8860999999999,2.972205690780756
100,16000,57.6,181.79999999999998,124.19999999999999,740.3860999999999,3.0399530807332398
100,16500,81.1,221.79999999999998,140.7,756.8860999999999,3.107700470685723
100,17000,104.6,261.79999999999995,157.19999999999996,773.3860999999999,3.1754478606382066
100,17500,128.1,301.79999999999995,173.69999999999996,789.8860999999999,3.24319525059069
110,15500,66.10000000000001,242.8,176.7,792.8860999999999,3.255512957854778
110,16000,89.60000000000001,282.8,193.2,809.3860999999999,3.3232603478072615
110,16500,113.10000000000001,322.8,209.7,825.8860999999999,3.391007737759745
110,17000,136.60000000000002,362.8,226.2,842.3860999999999,3.4587551277122284
110,17500,160.10000000000002,402.8,242.7,858.8860999999999,3.526502517664712
120,15500,98.10000000000001,343.8,245.7,861.8860999999999,3.5388202249288
120,16000,121.60000000000001,383.8,262.2,878.3860999999999,3.6065676148812833
120,16500,145.10000000000002,423.8,278.7,894.8860999999999,3.674315004833767
120,17000,168.60000000000002,463.8,295.2,911.3860999999999,3.7420623947862506
120,17500,192.10000000000002,503.8,311.7,927.8860999999999,3.809809784738734
